{
  "20s": [
    0.636053870967742,
    0.6256148148148148,
    0.6438332142857144,
    0.6368196428571429,
    0.6163513793103448,
    0.6160617857142858,
    0.5872496428571429,
    0.6391841379310345,
    0.6792741935483871,
    0.6851339393939394,
    0.5933765384615385,
    0.5448925000000001,
    0.5871792,
    0.5813786956521739,
    0.7167745161290322,
    0.6914803125,
    0.5999781481481482,
    0.6369184615384617,
    0.6412664285714286,
    0.5241466666666666,
    0.6611255555555556,
    0.6827696428571429,
    0.6602546875,
    0.6405113043478261,
    0.5906314814814815
  ],
  "30s": [
    0.6684193103448276,
    0.6391848275862069,
    0.6878025,
    0.6500348275862069,
    0.6688728125000001,
    0.6267584615384615,
    0.607014,
    0.6931890322580645,
    0.645230588235294,
    0.559221,
    0.5694740909090908,
    0.6563557142857143,
    0.6560625,
    0.6551815999999999,
    0.6716444827586207,
    0.6681492307692307,
    0.6690843333333334,
    0.65900375,
    0.6511848275862069,
    0.6092211111111111,
    0.67906
  ],
  "40s": [
    0.5981644827586207,
    0.6724706451612903,
    0.6093318518518518,
    0.6805503125,
    0.6500722580645161,
    0.6076474193548388,
    0.6556333333333334,
    0.6025378571428571,
    0.6266867857142857,
    0.6547009375,
    0.6435286206896552,
    0.636688620689655,
    0.6678493548387097,
    0.6104753333333334,
    0.6194479999999999,
    0.6723990625,
    0.6674338235294117,
    0.6389346666666668,
    0.651246,
    0.6475275757575758,
    0.6601950000000001,
    0.6292606666666667,
    0.6690903333333332,
    0.6692313333333334,
    0.6384624137931034,
    0.6755619999999999,
    0.5922011111111111,
    0.5984432258064516,
    0.5693133333333334,
    0.6345785,
    0.5480969565217392,
    0.5782285,
    0.5791100000000001,
    0.6488885185185187,
    0.5530880952380952,
    0.6259710714285714,
    0.6391907407407407,
    0.6341226086956522,
    0.6495854545454545,
    0.6558996153846155,
    0.684375,
    0.7038436666666665,
    0.6716170370370371,
    0.6198867857142857,
    0.6624303333333333,
    0.6298346666666667,
    0.6415993103448276,
    0.6459843333333333,
    0.6184009677419354,
    0.6567203225806453
  ],
  "50s": [
    0.6804633333333334,
    0.6297472413793103,
    0.645095,
    0.6437771428571428,
    0.6262773333333335,
    0.6369314285714286,
    0.640243,
    0.6583448387096774,
    0.6674430000000001,
    0.6842633333333334,
    0.6755713793103448,
    0.6770096875,
    0.6139564285714286,
    0.5751878125,
    0.5928765517241379,
    0.6494343333333333,
    0.6452980645161291,
    0.6803043333333334,
    0.6254816,
    0.6751344444444444,
    0.6603146874999999,
    0.6533486666666667,
    0.6604268965517243,
    0.6844233333333333,
    0.6360383333333333,
    0.6093220689655172,
    0.6751941935483871,
    0.61188,
    0.692639,
    0.665754,
    0.6255149999999999,
    0.6792928125000002,
    0.6781028124999999,
    0.6688964516129032,
    0.651254,
    0.703282258064516,
    0.5811367857142857,
    0.6896125,
    0.6396017241379311,
    0.7075276000000001,
    0.6771846874999999,
    0.6108437931034484,
    0.69583,
    0.6153696551724137,
    0.673632972972973,
    0.69243,
    0.6753380555555555,
    0.6820483783783784,
    0.628308,
    0.592616551724138,
    0.5607336842105264,
    0.5345631578947367,
    0.5928791304347826,
    0.5990392857142858,
    0.6500914814814814,
    0.6075239285714285,
    0.6551662068965517,
    0.5560826666666667,
    0.667054193548387,
    0.6903193103448276,
    0.6347024,
    0.6745529629629629,
    0.6698058620689656,
    0.6775599999999999,
    0.6328065517241379,
    0.6587418518518519,
    0.7494512500000001,
    0.6641746428571428,
    0.6274433333333334,
    0.6914688888888889,
    0.7153815625,
    0.6655132258064517,
    0.6541979310344826,
    0.6907551428571429,
    0.6569446875000001,
    0.6613376666666667,
    0.659949677419355,
    0.6236553571428571,
    0.6536229032258063,
    0.6671635483870968
  ],
  "60s": [
    0.7147316129032258,
    0.6211710714285715,
    0.6329566666666667,
    0.6123738709677419,
    0.6456488888888889,
    0.5891318518518518,
    0.6516731034482759,
    0.6673915151515151,
    0.6514960606060606,
    0.6553696551724137,
    0.7005712903225807,
    0.6556046666666667,
    0.6302177777777778,
    0.6400397142857144,
    0.680026551724138,
    0.6862843333333333,
    0.6714777777777776,
    0.6188555555555555,
    0.6536664516129032,
    0.6870147058823529,
    0.6405866666666665,
    0.6600124137931035,
    0.625538076923077,
    0.6504963333333333,
    0.6834275000000001,
    0.6293473529411765,
    0.6129399999999999,
    0.6553897297297298,
    0.5941016666666666,
    0.6340648148148148,
    0.6234621428571429,
    0.6862076666666667,
    0.6422582142857143,
    0.5967147826086957,
    0.6650837931034483,
    0.6421878571428571,
    0.6338520689655173,
    0.6907878571428572,
    0.688660625,
    0.6579241379310345,
    0.6441250000000002,
    0.6043004545454544,
    0.6217017857142857,
    0.6175877419354839,
    0.6619236666666666
  ],
  "70s": []
}